volatile acidity,citric acid,chlorides,free sulfur dioxide,total sulfur dioxide,sulphates,alcohol,quality
0.7,0,0.076,11,34,0.56,9.4,5
0.88,0,0.098,25,67,0.68,9.8,5
0.76,0.04,0.092,15,54,0.65,9.8,5
0.28,0.56,0.075,17,60,0.58,9.8,6
0.7,0,0.076,11,34,0.56,9.4,5
0.66,0,0.075,13,40,0.56,9.4,5
0.6,0.06,0.069,15,59,0.46,9.4,5
0.65,0,0.065,15,21,0.47,10,7
0.58,0.02,0.073,9,18,0.57,9.5,7
0.5,0.36,0.071,17,102,0.8,10.5,5
0.58,0.08,0.097,15,65,0.54,9.2,5
0.5,0.36,0.071,17,102,0.8,10.5,5
0.615,0,0.089,16,59,0.52,9.9,5
0.61,0.29,0.114,9,29,1.56,9.1,5
0.62,0.18,0.176,52,145,0.88,9.2,5
0.62,0.19,0.17,51,148,0.93,9.2,5
0.28,0.56,0.092,35,103,0.75,10.5,7
0.56,0.28,0.368,16,56,1.28,9.3,5
0.59,0.08,0.086,6,29,0.5,9,4
0.32,0.51,0.341,17,56,1.08,9.2,6
0.22,0.48,0.077,29,60,0.53,9.4,6
0.39,0.31,0.082,23,71,0.65,9.7,5
0.43,0.21,0.106,10,37,0.91,9.5,5
0.49,0.11,0.084,9,67,0.53,9.4,5
0.4,0.14,0.085,21,40,0.63,9.7,6
0.39,0.16,0.08,11,23,0.56,9.3,5
0.41,0.24,0.08,4,11,0.59,9.5,5
0.43,0.21,0.106,10,37,0.91,9.5,5
0.71,0,0.08,14,35,0.55,9.4,5
0.645,0,0.082,8,16,0.59,9.8,6
0.675,0.07,0.089,17,82,0.54,10.1,5
0.685,0,0.105,22,37,0.57,10.6,6
0.655,0.12,0.083,15,113,0.66,9.8,5
0.605,0.12,0.073,40,83,0.52,9.4,6
0.32,0.25,0.103,13,50,0.55,9.2,5
0.645,0,0.086,5,18,0.55,9.6,6
0.6,0.14,0.086,3,15,0.6,10.8,6
0.38,0.28,0.066,13,30,0.73,9.7,7
1.13,0.09,0.172,7,19,0.48,9.8,4
0.45,0.36,0.074,12,87,0.83,10.5,5
0.45,0.36,0.074,12,87,0.83,10.5,5
0.61,0.3,0.088,17,46,0.51,9.3,4
0.49,0.2,0.332,8,14,0.9,10.5,6
0.66,0.22,0.069,9,23,1.2,10.3,5
0.67,0.02,0.05,5,11,0.52,9.5,5
0.52,0.15,0.054,8,65,0.56,13.1,4
0.935,0.43,0.114,22,114,0.73,9.2,5
0.29,0.52,0.113,12,37,0.58,9.5,5
0.4,0.23,0.066,5,12,0.56,9.2,5
0.31,0.37,0.074,12,96,0.58,9.2,5
0.66,0.26,0.074,4,23,0.74,9.2,5
0.52,0.04,0.069,8,15,0.63,9.4,6
0.5,0.04,0.068,6,14,0.64,9.4,6
0.38,0.36,0.081,30,119,0.56,9.4,5
0.51,0.15,0.11,33,73,0.63,10.2,6
0.62,0.04,0.084,25,45,0.53,9.5,5
0.42,0.57,0.07,4,10,0.63,9.6,5
0.63,0.12,0.111,50,110,0.77,9.4,5
0.59,0.18,0.076,17,54,0.59,10,5
0.39,0.31,0.074,9,46,0.54,9.4,6
0.4,0.4,0.079,19,52,0.64,9.2,5
0.69,0.49,0.115,20,112,0.71,9.3,5
0.52,0.16,0.085,12,35,0.62,9.5,7
0.735,0.05,0.081,13,54,0.57,9.8,5
0.725,0.05,0.086,4,11,0.39,10.9,5
0.725,0.05,0.086,4,11,0.39,10.9,5
0.52,0.11,0.079,11,39,0.58,9.6,5
0.705,0.07,0.076,6,15,0.58,10.7,5
0.32,0.57,0.074,27,65,0.79,10.7,5
0.705,0.05,0.074,8,19,0.95,10.5,6
0.63,0.08,0.076,15,27,0.54,9.5,6
0.67,0.23,0.088,17,96,0.48,9.5,5
0.69,0.22,0.084,18,94,0.48,9.5,5
0.675,0.26,0.084,11,43,0.53,9.2,4
0.32,0.54,0.094,28,83,0.82,9.6,5
0.41,0.64,0.093,9,42,0.66,10.5,5
0.41,0.64,0.093,9,42,0.66,10.5,5
0.785,0,0.104,14,30,0.55,10.7,6
0.75,0.12,0.086,12,80,0.52,10.1,5
0.625,0.2,0.08,27,119,1.12,9.1,4
0.45,0.2,0.069,3,15,0.56,9.2,5
0.43,0.7,0.464,22,67,1.28,9.4,5
0.5,0.47,0.086,21,73,0.57,9.1,5
0.67,0.26,0.401,16,51,1.14,9.4,5
0.3,0.48,0.069,18,61,0.78,10.3,6
0.55,0.15,0.076,19,40,0.59,10.1,5
0.49,0.28,0.11,20,136,1.95,9.9,6
0.49,0.26,0.062,9,31,0.64,9.6,5
0.39,0.44,0.107,34,125,1.22,9.5,5
0.62,0.08,0.076,8,24,0.53,9,5
0.52,0.26,0.079,42,140,0.54,9.5,5
0.49,0.28,0.11,20,136,1.95,9.9,6
0.49,0.29,0.11,19,133,1.98,9.8,5
0.49,0.26,0.062,9,31,0.64,9.6,5
1.02,0.04,0.045,41,85,0.48,10.5,4
0.6,0.17,0.058,17,106,0.6,12.9,6
0.775,0,0.102,8,23,0.56,10.7,5
0.5,0.25,0.07,3,22,0.63,9.2,5
0.9,0.06,0.079,5,10,0.56,9.8,5
0.545,0.18,0.08,13,35,0.59,9,6
0.61,0.3,0.084,11,50,0.61,10.2,6
0.5,0.3,0.075,8,22,0.56,10.4,6
0.545,0.18,0.08,13,35,0.59,9,6
0.575,0.22,0.077,12,65,0.51,9.2,5
0.49,0.24,0.07,5,36,0.48,9.4,5
0.575,0.22,0.077,12,65,0.51,9.2,5
0.41,0.68,0.467,18,69,1.31,9.3,5
0.63,0.31,0.088,15,64,0.79,9.3,5
0.33,0.53,0.091,18,80,0.8,9.6,6
0.785,0.52,0.122,37,153,0.69,9.3,5
0.56,0.19,0.104,12,47,0.93,9.5,5
0.62,0.09,0.084,11,108,0.66,9.8,5
0.6,0.1,0.085,14,111,0.66,9.8,5
0.31,0.44,0.08,22,46,0.67,9.7,6
0.56,0.19,0.104,12,47,0.93,9.5,5
0.4,0.31,0.09,13,62,0.63,10.5,6
0.54,0.28,0.077,11,40,0.61,10,6
0.56,0.12,0.082,7,28,0.5,9.4,6
0.55,0.04,0.119,14,56,0.6,10.9,6
0.69,0.08,0.097,22,89,0.54,9.2,6
1.07,0.09,0.178,10,89,0.57,9,5
0.55,0.04,0.119,14,56,0.6,10.9,6
0.695,0,0.075,3,13,0.52,9.2,5
0.71,0,0.08,11,34,0.53,9.5,5
0.5,0.17,0.082,21,102,0.48,9.5,5
0.62,0.04,0.146,27,90,0.7,9.4,5
1.33,0,0.081,3,12,0.49,10.9,5
1.33,0,0.082,3,12,0.48,10.9,5
0.59,0.16,0.065,3,16,0.92,10.5,7
0.38,0.15,0.072,6,19,0.57,9.4,5
0.745,0.56,0.118,30,134,0.66,9.4,5
0.5,0.09,0.049,17,99,0.63,13,5
0.5,0.09,0.049,17,99,0.63,13,5
0.5,0.01,0.06,17,26,0.58,9.8,6
1.04,0.05,0.084,13,29,0.55,9.9,6
0.745,0.11,0.09,16,63,0.82,9.6,5
0.715,0.15,0.089,10,52,0.77,9.5,5
0.415,0.36,0.081,13,45,0.64,9.2,5
0.56,0.19,0.081,15,105,0.54,9.5,5
0.56,0.19,0.081,17,108,0.54,9.5,5
0.745,0.11,0.09,16,63,0.82,9.6,5
0.715,0.15,0.089,10,52,0.77,9.5,5
0.34,0,0.05,27,63,0.79,14,6
0.39,0.08,0.066,3,20,0.58,9.4,5
0.34,0,0.05,27,63,0.79,14,6
0.67,0.55,0.117,32,141,0.62,9.4,5
0.68,0.02,0.087,21,94,0.52,10,5
0.49,0.26,0.236,10,88,0.8,9.3,5
0.49,0.1,0.074,12,30,0.58,10.2,6
0.4,0.44,0.089,11,43,0.61,10.5,6
0.33,0.47,0.077,5,11,0.53,10.3,6
0.52,1,0.61,32,69,2,9.4,4
0.6,0.03,0.095,25,99,0.54,10.1,5
0.6,0.03,0.095,25,99,0.54,10.1,5
0.43,0.42,0.07,29,129,0.72,10.5,5
0.43,0.42,0.071,28,128,0.71,10.5,5
0.43,0.42,0.07,29,129,0.72,10.5,5
0.43,0.42,0.071,28,128,0.71,10.5,5
0.68,0,0.073,12,22,0.5,9.3,5
0.6,0.18,0.079,18,86,0.57,9.3,6
0.95,0.03,0.09,7,20,0.56,9.6,5
0.68,0.02,0.072,9,20,1.08,9.2,4
0.53,0.04,0.076,17,31,0.56,10,6
0.6,0.26,0.07,36,121,0.49,9.4,5
0.59,0.26,0.07,35,121,0.49,9.4,5
0.63,0.48,0.1,14,96,0.62,9.5,5
0.64,0.1,0.085,18,101,0.52,10.2,5
0.55,0.03,0.072,17,42,0.48,9,4
0.63,0.07,0.089,11,44,0.55,10.4,6
0.705,0.24,0.36,15,63,1.59,9.5,5
0.885,0.03,0.058,4,8,0.33,9.1,4
0.42,0.17,0.073,6,18,0.61,9.2,6
0.42,0.17,0.073,6,18,0.61,9.2,6
0.62,0.05,0.068,24,42,0.57,11.5,6
0.38,0.21,0.08,7,35,0.47,9.5,5
0.5,0.04,0.085,19,49,0.78,9.5,5
0.38,0.21,0.08,7,35,0.47,9.5,5
0.52,0.42,0.087,8,38,0.61,10.5,6
0.805,0,0.068,7,20,0.56,9.6,5
0.61,0.14,0.067,10,42,0.59,9.5,5
0.61,0.14,0.067,10,42,0.59,9.5,5
0.61,0.49,0.27,23,110,1.02,9.3,5
0.73,0.02,0.076,16,42,0.52,9.3,5
0.61,0.2,0.077,11,65,0.58,9.3,5
0.62,0.21,0.079,8,62,0.58,9.3,6
0.31,0.57,0.111,26,85,0.53,9.7,5
0.39,0.48,0.082,14,67,0.55,9.2,5
0.705,0.1,0.084,9,26,0.49,9.7,5
0.5,0.33,0.084,15,143,0.55,9.5,5
0.49,0.32,0.082,17,144,0.55,9.5,5
0.5,0.35,0.077,21,127,0.62,9.4,5
0.37,0.25,0.074,21,49,0.62,9.8,6
0.63,0.12,0.099,16,126,0.61,9.5,5
0.55,0.21,0.071,7,28,0.55,9.7,5
0.55,0.21,0.071,7,28,0.55,9.7,5
0.59,0.33,0.074,24,120,0.54,9.4,5
0.58,0.3,0.074,15,55,0.59,10.2,5
0.3,0.6,0.067,12,27,0.97,10.1,6
0.835,0.08,0.046,13,93,0.85,13,7
1.09,0.06,0.061,12,31,0.43,11.4,4
0.32,0.47,0.056,9,24,0.82,10.3,7
0.37,0.48,0.097,39,145,1.03,9.3,5
0.5,0.11,0.075,16,49,0.79,9.5,5
0.42,0.35,0.088,16,39,0.55,9.2,5
0.43,0.36,0.089,14,37,0.56,9.2,6
0.3,0.74,0.095,9,28,0.77,10.8,7
0.3,0.74,0.095,9,28,0.77,10.8,7
0.57,0.31,0.069,26,120,0.53,9.3,5
0.44,0.28,0.1,18,95,0.67,9.4,5
0.3,0.58,0.054,7,19,0.88,10.5,7
0.53,0.6,0.039,5,19,0.86,12.4,6
0.725,0.24,0.083,10,62,0.56,10,6
0.44,0.64,0.059,5,15,0.67,10.2,6
0.57,0.26,0.06,28,65,0.43,10.1,5
0.735,0.08,0.092,10,41,0.71,9.8,6
0.49,0.49,0.06,26,121,0.76,10.5,5
0.625,0.16,0.101,13,49,0.57,11,5
0.725,0.22,0.072,11,41,0.55,9.1,5
0.49,0.19,0.076,10,44,0.54,9.7,5
0.53,0.33,0.08,24,144,0.6,9.5,5
0.34,0.37,0.082,24,58,0.59,9.4,6
0.53,0.26,0.101,16,72,0.57,9.4,5
0.61,0.04,0.057,5,10,0.6,9.5,5
0.645,0.25,0.083,8,28,0.6,10,6
0.635,0.36,0.089,15,55,0.57,10.4,4
0.43,0.25,0.073,29,63,0.58,10.5,6
0.59,0.5,0.337,27,81,1.61,9.5,6
0.82,0.14,0.089,9,23,0.63,9.8,5
0.43,0.25,0.073,29,63,0.58,10.5,6
0.52,0.25,0.081,10,37,0.5,11,5
0.48,0.04,0.054,19,106,0.62,12.2,7
0.38,0.06,0.078,12,49,0.52,9.9,6
0.37,0.2,0.09,18,58,0.7,9.6,6
0.52,0.25,0.081,10,37,0.5,11,5
1,0.09,0.065,7,37,0.55,9,6
0.63,0,0.097,14,38,0.58,9,6
0.63,0,0.097,14,38,0.58,9,6
0.645,0,0.097,15,39,0.58,9.2,6
0.63,0,0.097,14,38,0.58,9,6
1,0.09,0.065,7,37,0.55,9,6
0.635,0.37,0.263,5,62,1.09,9.3,5
0.38,0.56,0.093,6,24,0.71,10.9,6
0.58,0.1,0.102,28,109,0.49,9.8,6
0.21,0.44,0.075,10,24,0.84,9.2,7
0.21,0.44,0.075,10,24,0.84,9.2,7
0.66,0,0.084,6,23,0.96,9.9,6
0.68,0.07,0.075,16,51,0.52,9.5,5
0.6,0.17,0.072,11,73,0.45,9.3,5
0.53,0.06,0.074,9,39,0.48,9.8,6
0.66,0,0.084,6,23,0.96,9.9,6
0.32,0.44,0.063,16,37,0.78,10,6
0.6,0,0.074,16,34,0.7,9.9,6
0.35,0.48,0.09,5,21,0.53,10.5,5
0.775,0.42,0.092,8,86,0.59,9.5,5
0.6,0,0.074,16,34,0.7,9.9,6
0.57,0.23,0.073,17,119,0.57,9.3,5
0.34,0.37,0.075,5,13,0.62,9.2,5
0.695,0,0.075,12,56,0.67,9.2,5
0.41,0.76,0.611,8,45,1.26,9.4,5
0.31,0.47,0.085,14,33,0.8,10.5,7
0.33,0.23,0.077,18,45,0.65,9.3,5
0.975,0.04,0.087,12,67,0.6,9.4,4
0.52,0.03,0.07,10,35,0.57,10,5
0.37,0.23,0.077,23,49,0.67,9.3,5
0.56,0.49,0.064,5,27,0.87,10.9,5
0.26,0.52,0.071,6,10,0.72,10.2,7
0.87,0,0.096,26,61,0.72,9.8,4
0.35,0.46,0.078,15,37,0.86,12.8,8
0.54,0.04,0.077,7,27,0.91,9.4,6
0.18,0.51,0.104,4,23,0.97,10.1,6
0.545,0.06,0.087,27,61,0.67,10.7,6
0.18,0.51,0.104,4,23,0.97,10.1,6
0.37,0.58,0.071,17,65,0.78,10.1,5
0.715,0.2,0.076,10,38,0.64,9.4,5
0.65,0.18,0.088,27,94,0.77,9.4,5
0.545,0.06,0.087,27,61,0.67,10.7,6
0.54,0.04,0.077,7,27,0.91,9.4,6
0.18,0.51,0.104,4,23,0.97,10.1,6
0.32,0.45,0.073,5,13,0.82,12.6,8
0.4,0.32,0.087,10,47,0.77,10.5,7
0.26,0.44,0.071,6,19,0.82,9.3,6
0.27,0.68,0.358,5,10,1.08,9.9,7
0.52,0.12,0.067,12,53,0.57,9.1,5
0.4,0.32,0.087,10,47,0.77,10.5,7
0.59,0.07,0.102,32,71,0.71,9.8,5
0.59,0.07,0.102,32,71,0.71,9.8,5
0.45,0.55,0.073,25,49,0.76,10.3,6
0.4,0.12,0.092,29,53,0.7,10.3,6
0.52,0.09,0.091,20,49,0.86,10.6,7
0.42,0.53,0.105,33,98,0.95,9.2,5
0.52,0.09,0.091,20,49,0.86,10.6,7
0.2,0.48,0.343,6,18,0.71,10.5,5
0.55,0.23,0.091,18,48,0.64,10.3,6
0.36,0.25,0.098,5,16,0.6,10.1,6
0.34,0.52,0.094,17,53,0.81,9.5,6
0.5,0.46,0.073,5,27,0.64,9.5,5
0.83,0.37,0.086,26,70,0.52,9.9,5
0.63,0.06,0.083,8,29,0.73,9.6,5
0.65,0.02,0.094,5,31,0.8,9.7,5
0.67,0.06,0.08,8,33,0.71,9.6,5
0.53,0.06,0.086,20,44,0.59,10.7,6
0.18,0.48,0.068,7,15,0.64,10.1,6
0.705,0.12,0.092,12,28,0.72,10,5
0.67,0.12,0.186,5,21,0.54,9.5,5
0.65,0.6,0.112,12,90,0.52,9.2,5
0.53,0.48,0.063,6,25,0.59,9.3,6
0.62,0.32,0.082,7,54,0.52,9.4,5
0.41,0.42,0.213,6,14,0.62,9.5,6
0.43,0.44,0.214,5,12,0.63,9.5,6
0.29,0.38,0.062,9,30,0.53,9.5,6
0.53,0.48,0.063,6,25,0.59,9.3,6
0.53,0.24,0.072,15,105,0.54,9.4,6
0.46,0.31,0.093,19,98,0.63,9.5,6
0.47,0.3,0.076,30,135,0.53,9.4,5
0.36,0.29,0.087,26,72,0.68,11,5
0.35,0.29,0.096,20,53,0.65,11,6
0.56,0.23,0.102,37,92,0.65,10.1,5
0.77,0.12,0.082,30,74,0.64,10.4,6
0.66,0.39,0.083,21,59,0.71,11.5,7
0.77,0.12,0.082,30,74,0.64,10.4,6
0.66,0.39,0.083,21,59,0.71,11.5,7
0.61,0.26,0.09,25,87,0.62,9.7,5
0.62,0.05,0.079,6,18,0.63,9.3,5
0.59,0.42,0.09,35,73,0.7,9.5,6
0.49,0.2,0.071,13,50,0.69,9.2,6
0.49,0.2,0.071,13,50,0.69,9.2,6
0.53,0.66,0.121,6,14,0.74,11.5,7
0.44,0.5,0.107,5,13,0.83,11.5,5
0.27,0.62,0.082,6,21,0.67,9.7,6
0.46,0.39,0.061,7,15,0.62,9.5,5
0.36,0.64,0.122,10,41,0.66,12.5,6
0.36,0.64,0.122,10,41,0.66,12.5,6
0.58,0.28,0.066,21,114,0.54,9.4,6
0.56,0.08,0.105,16,44,0.52,11,5
0.65,0.01,0.078,17,38,0.74,11.7,7
0.695,0.53,0.128,7,21,0.84,12.2,7
0.43,0.45,0.052,6,16,0.7,12.5,6
0.43,0.32,0.08,29,58,0.64,10.3,5
0.49,0.58,0.103,28,99,1,11.5,6
0.28,0.54,0.082,12,29,1.36,9.8,7
0.34,0.5,0.066,10,21,1.18,9.2,6
0.42,0.48,0.065,5,18,0.87,11.3,6
0.39,0.47,0.118,6,14,0.75,9.8,6
0.39,0.47,0.118,6,14,0.75,9.8,6
0.57,0.5,0.082,6,32,0.78,10.7,6
0.685,0,0.067,40,63,0.81,9.9,5
0.815,0.02,0.072,17,34,0.89,12.3,7
0.49,0.67,0.093,6,15,0.93,12,6
0.56,0.31,0.089,15,46,0.92,10,6
0.785,0,0.093,11,28,0.86,9.4,6
0.67,0.22,0.107,17,34,0.98,9.9,6
0.795,0,0.096,11,26,0.83,9.4,6
0.665,0,0.09,8,19,0.73,9.3,5
0.53,0.79,0.12,23,77,0.77,13,5
0.21,0.4,0.066,40.5,165,0.59,11.9,6
0.75,0.01,0.078,17,32,0.61,12.8,6
0.41,0.52,0.08,29,55,0.88,11,5
0.42,0.66,0.116,12,29,0.75,11.7,7
0.43,0.66,0.109,10,23,0.85,10.4,7
0.38,0.66,0.088,10,41,0.68,9.8,6
0.7,0.23,0.099,14,81,0.7,9.4,5
0.45,0.31,0.086,21,50,0.91,9.9,6
0.58,0.66,0.072,6,37,0.56,10,5
0.46,0.63,0.071,6,15,0.87,10.2,5
0.615,0.66,0.083,7,42,0.73,10,7
0.42,0.5,0.107,7,21,0.93,11.8,6
0.615,0.66,0.083,7,42,0.73,10,7
0.575,0.61,0.076,11,24,0.69,9,5
0.34,0.52,0.159,15,75,0.64,9.4,5
0.27,0.53,0.074,6,18,1.13,12,7
0.765,0.02,0.063,35,63,0.78,9.9,5
0.24,0.4,0.056,11,25,0.87,8.7,6
0.28,0.48,0.067,26,46,1.04,10.6,6
0.55,0.22,0.106,12,72,0.63,9.2,5
0.41,0.63,0.089,6,47,0.81,10.8,6
0.54,0.71,0.124,6,15,0.83,11.8,7
0.45,0.5,0.078,19,47,1.11,11,6
0.27,0.53,0.074,6,18,1.13,12,7
0.625,0.66,0.088,6,24,0.99,13.3,6
0.42,0.38,0.094,24,60,0.7,10.8,6
0.26,0.42,0.08,11,27,0.8,9.4,6
0.415,0.68,0.085,17,43,0.8,10,6
0.26,0.42,0.08,11,27,0.8,9.4,6
0.26,0.42,0.08,11,27,0.8,9.4,6
0.51,0.28,0.087,23,54,0.74,9.2,5
0.63,0.07,0.09,11,37,0.76,9.7,6
0.54,0.26,0.088,23,48,0.74,9.2,6
0.66,0.15,0.079,17,42,0.54,9.6,6
0.46,0.26,0.088,23,53,0.74,9.2,6
0.38,0.31,0.096,16,49,0.7,10,7
0.85,0.05,0.045,12,88,0.82,12.9,8
0.415,0.68,0.085,17,43,0.8,10,6
0.37,0.52,0.082,6,26,0.51,9.5,5
0.665,0.61,0.112,13,95,0.54,9.1,5
0.6,0.65,0.063,6,25,0.57,9.9,5
0.37,0.76,0.066,7,38,0.6,13,7
0.735,0.02,0.122,68,124,0.53,9.9,5
0.59,0.59,0.087,13,49,0.65,11,6
0.59,0.59,0.087,13,49,0.65,11,6
0.765,0.22,0.064,9,42,0.55,9.4,5
0.735,0.02,0.122,68,124,0.53,9.9,5
0.26,0.3,0.059,20,38,0.47,10.8,6
0.48,0.54,0.085,19,64,0.61,10.5,6
0.6,0.49,0.085,10,41,0.63,10.5,6
0.69,0.05,0.075,15,27,0.61,9.1,5
0.31,0.46,0.059,11,25,0.76,10.1,6
0.44,0.47,0.063,9,28,0.65,10.8,6
0.39,0.66,0.093,12,30,0.63,10.8,7
0.34,0.58,0.174,6,16,0.7,11.3,6
0.46,0.49,0.07,26,49,0.57,9.6,4
0.43,0.34,0.08,26,86,0.62,9.5,6
0.45,0.35,0.08,23,78,0.62,9.5,5
0.735,0.16,0.1,15,77,0.64,9.3,5
0.4,0.53,0.097,6,19,0.82,11.7,7
0.52,0.34,0.087,24,122,0.61,9.5,5
0.725,0.24,0.117,31,134,1.07,9.3,5
0.48,0.64,0.111,6,20,0.66,11.7,6
0.58,0.12,0.091,34,124,0.48,10.5,5
0.38,0.51,0.121,7,20,0.76,10.4,6
0.77,0,0.066,34,52,0.68,9.9,5
0.56,0.33,0.089,35,67,0.73,11.8,7
0.84,0.03,0.059,32,48,0.56,12.3,7
0.96,0.2,0.047,15,60,0.44,10.9,5
0.24,0.47,0.066,6,24,0.9,11,7
0.96,0.2,0.047,15,60,0.44,10.9,5
0.84,0.03,0.059,32,48,0.56,12.3,7
0.67,0.08,0.045,19,48,0.49,11.4,6
0.78,0.22,0.077,6,32,0.56,10.6,6
0.52,0.33,0.07,9,30,0.6,9.3,5
0.84,0.63,0.088,13,35,0.6,10.4,6
0.24,0.47,0.066,6,24,0.9,11,7
0.55,0.35,0.074,21,66,0.56,9.2,5
0.37,0.69,0.078,12,24,0.65,12.8,6
0.39,0.63,0.091,6,18,0.49,9.5,5
0.41,0.55,0.076,22,54,0.89,9.9,6
0.39,0.63,0.091,6,18,0.49,9.5,5
0.67,0.3,0.06,38,62,0.56,10.2,6
0.45,0.73,0.066,6,22,0.66,11.2,6
0.41,0.55,0.076,22,54,0.89,9.9,6
0.62,0.18,0.062,7,50,0.6,9.3,5
0.31,0.72,0.072,6,29,0.82,9.8,8
0.4,0.65,0.068,7,27,0.68,11.3,6
0.685,0.76,0.1,6,43,0.68,11.2,7
0.44,0.49,0.077,11,19,0.63,11.6,7
0.57,0.01,0.054,5,27,0.84,12.5,7
0.735,0.1,0.079,6,31,0.56,10.1,6
0.38,0.6,0.081,31,72,0.73,10.5,5
0.48,0.29,0.127,6,16,0.72,11.2,5
0.53,0.22,0.1,7,27,0.56,10.2,6
0.39,0.69,0.095,17,35,0.61,10.8,6
0.39,0.69,0.095,17,35,0.61,10.8,6
0.37,0.53,0.413,9,26,1.06,9.1,6
0.56,0.03,0.084,18,35,0.63,10,6
0.33,0.63,0.084,5,22,0.74,11.2,7
0.23,0.4,0.063,21,67,0.63,11.1,5
0.62,0.67,0.086,6,19,0.69,13.4,8
0.59,0.39,0.095,5,22,0.58,10.3,5
0.63,0.21,0.097,29,65,0.58,9.6,5
0.33,0.63,0.084,5,22,0.74,11.2,7
0.58,0.66,0.074,10,47,0.57,9,3
0.43,0.52,0.083,14,23,0.61,11.3,6
0.615,0.22,0.087,6,19,0.61,9.3,5
0.26,0.68,0.085,10,25,0.61,11.8,5
0.66,0.7,0.098,25,129,0.53,9,5
0.315,0.54,0.084,5,15,0.7,9.2,6
0.29,0.4,0.098,10,26,0.91,9.7,5
0.5,0.42,0.069,21,51,0.72,11.5,6
0.46,0.45,0.065,7,18,0.79,14,6
0.36,0.69,0.09,6,21,0.62,9.2,6
0.82,0.02,0.07,36,48,0.58,9.8,5
0.32,0.65,0.093,15,47,0.61,10.6,5
0.54,0.42,0.081,25,52,0.71,11.4,6
0.37,0.55,0.083,25,68,0.82,10.4,6
0.35,0.55,0.062,5,14,0.79,10.6,5
0.28,0.51,0.08,10,24,0.89,9.4,6
0.68,0.24,0.087,5,28,0.6,10.2,5
0.27,0.41,0.091,6,16,0.7,9.7,5
0.24,0.49,0.075,6,20,1.06,11,6
0.68,0.24,0.087,5,28,0.6,10.2,5
0.685,0.11,0.077,6,31,0.7,10.1,6
0.28,0.39,0.069,6,23,0.66,9.2,5
0.3,0.56,0.08,6,17,0.92,11.7,8
0.36,0.59,0.152,6,18,1.05,9.4,5
0.36,0.6,0.152,7,18,1.06,9.4,5
0.44,0.68,0.114,6,24,0.66,13.4,6
0.67,0.39,0.054,6,17,0.47,10,5
0.67,0.39,0.054,6,17,0.47,10,5
0.645,0.36,0.053,5,14,0.42,10,6
0.32,0.55,0.081,35,67,0.92,10.8,7
0.39,0.4,0.073,10,26,0.75,10.2,6
0.775,0.27,0.078,24,56,0.67,10.6,6
0.41,0.5,0.055,12,25,0.79,13.3,7
0.4,0.51,0.052,13,27,0.9,13.4,7
0.69,0.31,0.086,23,81,0.74,11.6,6
0.39,0.23,0.051,28,91,0.55,12.1,6
0.35,0.53,0.07,5,16,0.65,11,8
0.52,0.25,0.081,14,38,0.65,9,6
0.34,0.32,0.09,43,113,0.79,11.1,5
0.35,0.53,0.07,5,16,0.65,11,8
0.69,0.31,0.086,23,81,0.74,11.6,6
0.52,0.25,0.081,14,38,0.65,9,6
0.44,0.73,0.074,38,76,0.85,12,7
0.44,0.73,0.074,38,76,0.85,12,7
0.26,0.47,0.078,6,24,1.04,10.9,7
0.24,0.42,0.077,6,22,1.05,10.8,7
0.49,0.63,0.072,10,26,0.78,12.5,7
0.24,0.46,0.075,6,21,1.02,10.8,7
0.67,0.55,0.084,6,13,0.71,9.5,6
0.59,0.31,0.09,26,62,0.63,10.2,6
0.29,0.75,0.084,23,43,0.68,11.4,7
0.42,0.49,0.073,19,43,0.61,9.5,5
0.59,0.31,0.09,26,62,0.63,10.2,6
0.4,0.48,0.125,15,49,0.81,9.7,6
0.51,0.64,0.107,6,15,0.66,11.8,7
0.51,0.64,0.107,6,15,0.66,11.8,7
0.655,0.49,0.122,34,151,1.14,9.3,5
0.6,0.49,0.1,5,14,0.74,11.9,6
0.61,0.49,0.2,5,16,0.63,8.4,3
0.21,0.49,0.088,11,32,0.68,11.7,6
0.365,0.49,0.088,39,106,0.78,11,5
0.25,0.49,0.088,15,33,0.9,10,6
0.41,0.49,0.088,16,43,0.64,9.1,5
0.39,0.49,0.099,47,133,0.99,9.8,5
0.4,0.49,0.085,38,142,0.55,9.4,5
0.43,0.49,0.086,23,116,0.64,9.5,5
0.64,0.24,0.105,29,53,0.67,9.9,5
0.365,0.49,0.088,39,106,0.78,11,5
0.38,0.49,0.097,33,85,0.77,11.4,6
0.42,0.49,0.084,32,55,0.75,8.7,6
0.63,0.24,0.077,6,33,0.57,9.4,5
0.22,0.24,0.078,1,28,0.87,10.3,6
0.38,0.49,0.098,12,42,0.61,10.3,5
0.38,0.49,0.098,12,42,0.61,10.3,5
0.27,0.24,0.072,15,33,0.66,12.8,6
0.48,0.24,0.102,13,32,0.56,10,6
0.22,0.24,0.078,1,28,0.87,10.3,6
0.63,0.24,0.077,6,33,0.57,9.4,5
0.825,0.24,0.084,5,13,0.77,10.7,6
0.35,0.49,0.066,5,35,0.66,12,7
0.5,0.74,0.1,5,17,0.62,11.2,5
0.59,0.24,0.101,20,47,0.67,9.6,5
0.46,0.49,0.064,5,17,0.73,11,6
0.715,0.24,0.07,5,20,0.59,9.9,5
0.66,0.24,0.085,16,53,0.72,11,6
0.31,0.74,0.075,6,15,0.79,8.4,6
0.47,0.49,0.094,38,106,0.59,9.1,5
0.55,0.24,0.078,10,28,0.78,9.5,6
0.31,0.49,0.067,6,21,0.86,10.7,6
0.35,0.49,0.079,27,69,0.75,10.4,6
0.53,0.49,0.171,6,25,0.61,9.4,6
0.51,0.01,0.074,9,25,0.56,9.5,6
0.43,0.24,0.092,14,45,0.73,10,6
0.46,0.24,0.092,14,44,0.74,10,6
1.04,0.24,0.05,32,96,0.62,11.5,5
0.645,0.49,0.095,10,23,0.74,11.1,5
0.645,0.49,0.095,10,23,0.74,11.1,5
0.53,0.49,0.118,10,17,0.56,11.7,6
0.645,0.49,0.095,10,23,0.74,11.1,5
0.53,0.49,0.118,10,17,0.56,11.7,6
0.47,0.49,0.085,6,47,0.68,12.7,6
0.6,0.49,0.075,5,19,0.57,11.4,5
0.44,0.49,0.078,26,121,0.58,9.2,5
0.54,0.49,0.094,41,110,0.61,9.2,5
0.29,0.49,0.092,25,60,0.61,10.1,6
0.47,0.49,0.085,6,47,0.68,12.7,6
0.6,0.49,0.075,5,19,0.57,11.4,5
0.7,0.24,0.226,5,15,0.6,9,6
0.7,0.24,0.226,5,15,0.6,9,6
0.5,0.49,0.25,5,20,0.79,10.7,6
0.36,0.24,0.095,19,42,0.57,11.7,6
0.35,0.49,0.07,10,37,0.91,11,6
0.36,0.24,0.095,19,42,0.57,11.7,6
0.24,0.49,0.075,10,28,0.61,10.4,5
0.59,0.49,0.07,14,47,0.56,9.6,4
0.34,0.49,0.078,20,78,0.7,10,6
0.27,0.49,0.079,28,46,0.8,10.2,6
0.5,0.24,0.103,6,14,0.52,10,4
0.44,0.49,0.083,18,111,0.6,9.5,5
0.47,0.49,0.085,17,110,0.6,9.8,5
0.31,0.49,0.063,18,40,0.51,9.8,6
0.5,0.49,0.089,5,14,0.44,9.6,5
0.5,0.49,0.089,5,14,0.44,9.6,5
0.49,0.49,0.083,5,15,0.43,9.2,5
0.28,0.49,0.074,10,21,0.66,9.9,7
0.33,0.49,0.093,54,80,0.76,10.7,7
0.51,0.24,0.091,8,38,0.66,9.6,6
0.31,0.49,0.094,16,47,1.02,10.6,7
0.73,0.24,0.108,18,102,0.59,9.3,5
0.42,0.24,0.06,19,50,0.74,14,8
0.29,0.49,0.059,5,13,0.74,10.5,7
0.45,0.49,0.084,21,75,0.57,9.7,5
0.39,0.49,0.07,23,149,0.5,11.5,6
0.45,0.49,0.084,21,75,0.57,9.7,5
0.49,0.58,0.094,9,43,0.58,9,5
0.72,0.17,0.096,20,38,0.53,9.5,5
0.595,0.41,0.086,30,109,0.57,9.3,5
0.4,0.51,0.059,6,24,0.6,9.3,6
0.58,0.58,0.071,5,18,0.63,10,6
0.585,0.18,0.078,5,30,0.48,9.8,6
0.59,0.45,0.082,11,22,0.7,9.3,6
0.915,0.27,0.088,7,23,0.47,10,4
0.46,0.52,0.071,12,35,0.56,9,6
0.835,0,0.081,6,14,0.52,9.3,5
0.46,0.52,0.071,12,35,0.56,9,6
0.58,0.13,0.096,14,63,0.62,9.1,6
0.6,0.13,0.085,6,24,0.59,9.2,6
0.41,0.48,0.072,10,20,0.79,12.2,7
0.48,0.41,0.092,26,52,0.53,10.5,6
0.65,0.37,0.11,11,65,0.64,10.4,6
0.36,0.19,0.075,15,39,0.52,12.7,6
0.24,0.54,0.083,25,57,0.54,9.2,5
0.38,0.55,0.081,5,16,0.54,9.4,5
0.64,0,0.077,18,29,0.6,10,6
0.39,0.38,0.058,10,29,0.74,9.8,5
0.755,0.18,0.148,10,103,1.36,10.2,6
0.6,0.5,0.079,28,71,0.57,9.7,5
0.6,0.5,0.079,28,71,0.57,9.7,5
0.31,0.51,0.079,14,28,0.93,9.8,6
0.46,0.5,0.122,4,17,0.7,10.2,5
0.37,0.41,0.088,6,16,0.8,9.3,5
0.54,0.24,0.076,16,112,0.61,9.4,5
0.56,0.23,0.078,14,104,0.62,9.4,5
0.58,0.22,0.08,9,32,0.55,9.5,5
0.51,0.25,0.077,21,45,0.96,12.1,6
0.69,0,0.124,21,58,0.72,10.2,5
0.69,0,0.124,21,58,0.72,10.2,5
0.6,0.29,0.098,5,15,0.49,9.1,5
0.6,0.29,0.098,5,15,0.49,9.1,5
0.54,0.26,0.097,7,31,0.6,9.3,6
0.685,0.23,0.111,20,84,0.61,9.3,5
0.54,0.26,0.097,7,31,0.6,9.3,6
0.28,0.54,0.105,5,19,0.63,9.5,5
0.41,0.14,0.087,21,43,0.57,10.5,6
0.935,0.22,0.105,11,86,0.64,11.3,4
0.35,0.21,0.073,46,102,0.58,9.5,5
0.84,0,0.065,24,33,0.55,9.7,5
0.88,0.28,0.086,30,147,0.53,9.4,5
0.885,0.27,0.084,31,145,0.53,9.4,5
0.915,0.12,0.143,7,23,0.65,10.2,7
0.29,0.35,0.067,25,57,1.36,10.3,6
0.54,0.45,0.071,16,40,0.62,9.4,5
0.59,0.44,0.071,21,68,0.63,9.5,5
0.54,0.45,0.071,16,40,0.62,9.4,5
0.59,0.44,0.071,21,68,0.63,9.5,5
0.54,0.45,0.071,16,40,0.62,9.4,5
0.64,0.1,0.115,5,11,0.69,10.1,7
0.67,0.05,0.107,6,20,0.63,10.1,5
0.845,0.01,0.07,5,14,0.58,11,4
0.48,0.3,0.066,10,28,0.67,11.2,7
0.42,0.27,0.068,24,148,0.57,11.3,6
0.43,0.39,0.106,8,32,0.5,9.6,5
0.88,0.25,0.104,35,155,0.67,11.2,5
0.36,0.65,0.096,22,71,0.84,14.9,5
0.33,0.59,0.079,9,30,0.54,12,6
0.47,0.47,0.074,7,29,0.46,9.5,5
0.55,0.17,0.087,20,53,0.61,9.4,5
0.43,0.39,0.106,8,32,0.5,9.6,5
0.5,0.59,0.073,23,42,0.68,10.5,7
0.52,0.07,0.074,5,20,0.81,9.6,6
0.84,0.02,0.096,5,13,0.57,11,4
0.52,0.07,0.074,5,20,0.81,9.6,6
0.42,0.31,0.08,15,42,0.64,9,5
0.57,0.06,0.076,9,27,0.7,9.6,6
0.28,0.46,0.05,5,13,0.79,10.2,6
0.4,0.52,0.092,15,54,0.66,10.2,5
0.59,0.14,0.084,25,48,0.56,9.7,5
0.49,0.36,0.222,6,16,0.6,9.5,6
0.34,0.45,0.082,6,15,0.66,9.2,6
0.73,0.43,0.059,15,31,0.57,11,5
0.34,0.45,0.082,6,15,0.66,9.2,6
0.4,0.24,0.083,30,45,0.58,10,5
0.73,0.21,0.074,5,13,0.52,9.5,5
1.24,0.34,0.079,32,151,0.53,9.5,5
0.73,0.21,0.074,5,13,0.52,9.5,5
0.4,0.41,0.084,7,17,0.67,9.3,6
0.41,0.39,0.064,12,31,0.65,10.2,5
0.4,0.41,0.084,7,17,0.67,9.3,6
0.8,0.11,0.084,12,31,0.48,9.9,5
0.78,0.1,0.081,45,87,0.53,10,5
0.26,0.45,0.06,20,49,0.54,9.6,5
0.43,0.58,0.07,15,40,0.49,9,5
0.45,0.23,0.094,16,29,0.49,10.2,6
0.46,0.31,0.078,32,58,0.54,9.8,5
0.78,0.23,0.059,5,15,0.56,11.3,5
0.98,0.32,0.078,35,152,0.48,9.4,5
0.78,0.23,0.059,5,15,0.56,11.3,5
0.65,0.18,0.07,13,40,0.6,9.1,5
0.64,0.23,0.095,13,38,0.59,9.7,5
0.66,0.04,0.039,4,9,0.47,9.4,5
0.38,0.48,0.157,5,17,1.05,9.4,5
1.185,0,0.097,5,14,0.54,10.7,3
0.92,0.24,0.087,12,93,0.54,9.8,5
0.49,0.51,0.422,16,62,1.17,9,5
0.48,0.32,0.084,21,122,0.62,9.4,5
0.47,0.31,0.084,24,125,0.61,9.4,5
0.47,0.02,0.034,18,44,0.62,12.8,6
0.65,0.02,0.066,8,25,0.67,9.5,6
0.65,0.02,0.066,8,25,0.67,9.5,6
0.615,0.28,0.087,18,72,0.53,9.7,5
0.38,0.55,0.071,5,19,0.62,10.8,6
1.02,0.43,0.076,26,88,0.57,10.1,6
0.65,0.02,0.066,8,25,0.67,9.5,6
0.64,0.02,0.067,9,23,0.67,9.4,6
0.38,0.48,0.073,22,84,0.7,9.6,4
0.765,0.04,0.078,4,14,0.54,9.7,4
1.035,0.15,0.073,11,54,0.49,9.9,5
0.78,0.08,0.093,10,19,0.47,10,5
0.49,0.19,0.077,16,37,0.51,10.5,5
0.545,0.12,0.068,11,35,0.61,11.6,6
0.31,0.47,0.062,13,33,0.66,10,6
1.025,0.43,0.08,21,84,0.57,10.1,5
0.565,0.34,0.093,16,112,0.61,9.5,5
0.69,0,0.084,13,33,0.45,9.4,5
0.43,0.36,0.075,10,48,0.46,9.4,5
0.74,0.28,0.078,21,77,0.51,9.8,5
0.49,0.18,0.069,13,34,0.48,9.2,6
0.43,0.36,0.075,10,48,0.46,9.4,5
0.46,0.11,0.079,12,49,0.57,10,5
0.56,0.04,0.082,10,22,0.44,9.6,5
0.66,0,0.086,17,45,0.54,9.5,5
0.56,0.04,0.082,10,22,0.44,9.6,5
0.48,0.24,0.094,35,106,0.53,9.2,5
0.42,0.08,0.084,15,48,0.59,10,5
0.31,0.3,0.053,36,127,1.62,9.5,5
1.115,0.1,0.086,5,12,0.6,11.2,4
0.66,0.17,0.077,5,13,0.55,10.4,5
0.72,0.09,0.084,18,49,0.72,11.1,6
0.57,0.02,0.067,4,11,0.68,9.5,5
0.57,0.02,0.067,4,11,0.68,9.5,5
0.865,0.03,0.071,27,58,0.49,12.7,6
0.55,0.66,0.387,12,37,0.67,9.6,5
0.875,0.13,0.088,4,14,0.52,11.5,5
0.835,0.03,0.092,10,19,0.47,9.6,5
0.45,0.34,0.082,16,72,0.6,9.5,5
0.56,0.2,0.075,9,39,0.62,9.3,5
0.965,0.1,0.112,11,22,0.5,9.5,5
0.965,0.1,0.112,11,22,0.5,9.5,5
0.59,0,0.093,19,58,0.65,9.3,6
0.46,0.23,0.092,28,104,0.56,9.2,5
0.69,0,0.088,19,38,0.6,9.3,5
0.76,0.29,0.075,12,16,0.68,11.5,6
0.53,0.24,0.078,28,139,0.57,9.5,5
0.615,0,0.065,9,18,0.65,9.2,5
0.41,0.58,0.096,25,101,0.53,10,5
0.39,0.54,0.095,21,101,0.51,9.5,5
0.51,0.18,0.07,12,28,0.73,9.5,6
0.34,0.38,0.08,12,57,0.47,9,6
0.33,0.4,0.083,16,68,0.48,9.4,5
0.5,0.18,0.071,12,31,0.72,9.6,6
0.51,0.18,0.07,12,28,0.73,9.5,6
0.65,0.1,0.089,17,40,0.55,9.5,5
0.65,0.1,0.089,17,40,0.55,9.5,5
0.54,0.13,0.097,24,66,0.61,9.4,5
0.65,0.1,0.089,17,40,0.55,9.5,5
0.48,0.68,0.415,14,32,1.06,9.1,6
0.91,0.07,0.058,22,47,0.43,10.7,6
0.98,0.01,0.057,15,33,0.46,11.2,6
0.87,0,0.084,10,31,0.5,9.8,5
0.87,0,0.084,10,31,0.5,9.8,5
0.42,0.21,0.092,33,88,0.52,9.2,5
0.58,0.25,0.075,9,104,0.57,9.7,5
0.655,0.26,0.096,5,35,0.42,9.6,5
0.7,0,0.069,8,19,0.53,10,6
0.655,0.26,0.096,5,35,0.42,9.6,5
0.68,0.11,0.093,11,44,0.55,9.5,6
0.67,0.1,0.091,12,48,0.54,9.5,6
0.59,0.18,0.089,12,74,0.54,9.4,5
0.6,0.32,0.103,13,98,0.62,9.5,5
0.59,0.02,0.082,24,94,0.53,9.7,6
0.72,0.01,0.076,7,32,0.54,9.6,5
0.59,0.02,0.082,24,94,0.53,9.7,6
0.685,0.26,0.082,23,143,0.55,9.4,5
0.57,0.27,0.082,23,144,0.55,9.4,5
0.4,0.29,0.157,1,44,0.92,9.5,6
0.4,0.3,0.157,2,45,0.91,9.5,6
1,0,0.102,7,16,0.46,10,5
0.765,0.18,0.243,5.5,48,0.6,10.3,6
0.635,0.17,0.241,6,18,0.59,10.3,6
0.43,0.3,0.079,7,34,0.61,10.5,5
0.52,0.03,0.076,21,92,0.6,9.8,5
0.57,0,0.19,12,45,0.6,9.4,6
0.46,0.14,0.114,9,37,0.65,9.8,5
0.82,0.05,0.081,26,96,0.53,10,5
0.46,0.14,0.114,9,37,0.65,9.8,5
0.59,0.01,0.077,20,85,0.59,9.8,5
0.35,0.41,0.083,11,61,0.5,9.5,5
0.35,0.41,0.083,11,61,0.5,9.5,5
0.56,0.24,0.079,19,58,0.56,10.1,6
0.56,0.24,0.079,19,58,0.56,10.1,6
0.63,0.17,0.099,21,119,0.52,9.3,5
0.37,0.43,0.082,18,82,0.68,9.7,6
0.64,0.17,0.084,25,130,0.54,9.6,5
0.61,0.02,0.081,17,87,0.6,9.7,6
0.6,0,0.055,7,13,0.56,10.8,5
0.27,0.54,0.065,7,26,0.53,12.5,6
0.89,0.3,0.132,7,60,1.18,10.2,5
0.46,0.31,0.126,24,64,0.74,9.6,5
0.37,0.44,0.038,21,42,0.81,10.8,7
0.5,0.34,0.082,5,14,0.52,10.7,6
0.5,0.34,0.082,5,14,0.52,10.7,6
0.61,0.08,0.082,26,108,0.51,9.4,5
0.55,0.09,0.068,8,17,0.44,10,5
0.585,0,0.044,14,86,0.94,12.9,7
0.56,0.08,0.114,14,46,0.66,9.6,6
0.52,0.22,0.084,4,18,0.57,9.9,6
0.28,0.4,0.052,4,10,0.7,12.8,7
0.25,0.39,0.041,4,10,0.71,12.5,7
0.28,0.4,0.052,4,10,0.7,12.8,7
0.53,0.12,0.165,4,12,0.86,9.2,5
0.48,0.31,0.07,4,15,0.55,10.3,6
0.49,0.1,0.068,4,14,0.47,10.5,5
0.5,0.55,0.072,7,24,0.68,10.9,6
0.45,0.33,0.099,20,38,0.71,10.8,5
0.39,0.24,0.102,4,7,0.58,11.4,4
0.41,0.54,0.103,19,41,0.76,11.3,6
0.45,0.33,0.099,20,38,0.71,10.8,5
0.51,0.19,0.081,8,30,0.58,10.5,6
0.29,0.42,0.084,19,27,0.73,11.9,6
0.715,0,0.071,21,47,0.45,9.4,5
0.66,0.15,0.097,9,59,0.54,9.6,5
0.685,0,0.099,9,22,0.6,9.7,5
0.42,0,0.048,16,42,0.74,14,7
0.54,0.13,0.076,15,36,0.64,9.8,5
0.54,0.13,0.076,15,36,0.64,9.8,5
0.48,0.28,0.068,6,16,0.53,10.3,5
0.46,0.14,0.076,15,37,0.49,10.7,5
0.27,0.34,0.05,4,8,0.64,11,7
0.46,0.14,0.076,15,37,0.49,10.7,5
0.57,0.09,0.065,34,45,0.74,12.7,8
0.61,0.08,0.071,16,24,0.77,11.1,6
0.685,0.07,0.058,5,9,0.55,10.9,4
0.61,0.08,0.071,16,24,0.77,11.1,6
0.44,0.42,0.145,34,48,0.86,9.9,3
0.47,0.44,0.147,36,51,0.86,9.9,4
0.685,0.26,0.088,16,23,0.47,9.4,5
0.665,0.1,0.066,27,55,0.51,9.3,5
0.28,0.28,0.012,36,100,0.39,11.7,7
0.28,0.28,0.012,36,100,0.39,11.7,7
0.31,0.35,0.075,9,28,0.83,11.2,7
0.5,0.04,0.092,13,26,0.47,10,5
0.42,0.47,0.085,9,34,0.77,12.1,7
0.66,0,0.115,21,31,0.63,10.3,5
0.5,0.45,0.119,34,68,0.72,10.9,6
0.685,0.35,0.088,9,92,0.62,9.4,5
0.25,0.46,0.062,26,42,0.83,10.6,6
0.64,0.21,0.081,14,31,0.66,9.8,5
0.64,0.21,0.081,14,31,0.66,9.8,5
0.68,0.16,0.078,12,39,0.7,9.9,6
0.64,0.21,0.081,14,31,0.66,9.8,5
0.63,0.21,0.08,12,32,0.66,9.8,5
0.43,0.44,0.085,9,22,0.55,9.5,5
0.43,0.44,0.085,9,22,0.55,9.5,5
0.42,0.32,0.08,26,122,1.07,9.7,5
0.36,0.39,0.08,41,55,0.73,10.9,6
0.36,0.39,0.08,41,55,0.73,10.9,6
0.735,0.02,0.071,10,14,0.71,11.7,7
0.36,0.39,0.08,41,55,0.73,10.9,6
0.26,0.34,0.073,16,47,0.78,11.3,7
0.28,0.47,0.054,17,32,0.67,10.6,7
0.56,0.22,0.074,15,24,0.82,11.2,6
0.62,0.06,0.077,15,85,0.54,9.5,5
1.01,0.66,0.039,15,88,0.6,11.5,6
0.42,0.32,0.067,7,25,0.44,10.4,5
0.62,0.06,0.078,17,84,0.53,9.7,5
0.62,0.06,0.077,15,85,0.54,9.5,5
0.635,0.07,0.077,16,86,0.54,9.7,5
0.49,0.22,0.071,13,24,0.83,11.3,6
0.51,0.23,0.072,13,22,0.84,11.2,6
0.56,0.22,0.074,15,24,0.82,11.2,6
0.63,0.03,0.08,27,43,0.64,10.9,6
0.715,0.01,0.064,31,43,0.57,11.8,6
0.56,0.03,0.086,36,46,0.57,10.6,5
0.35,0.24,0.067,28,48,0.54,10,4
0.21,0.37,0.067,6,10,0.58,11.1,7
0.38,0.46,0.104,6,10,0.65,11.8,7
0.31,0.4,0.109,7,16,0.79,11.8,7
0.47,0,0.067,7,14,0.58,10.9,4
0.715,0.01,0.064,31,43,0.57,11.8,6
0.61,0.19,0.094,30,69,0.5,10,6
0.6,0.04,0.076,18,88,0.55,9.5,5
0.56,0.18,0.078,10,21,0.49,9.9,5
0.715,0,0.068,30,35,0.65,11.4,6
0.31,0.29,0.194,14,26,0.78,12,6
0.6,0.04,0.076,18,88,0.55,9.5,5
0.61,0.19,0.094,30,69,0.5,10,6
0.75,0.14,0.086,9,30,0.64,10.5,5
0.8,0.12,0.083,8,28,0.65,10.4,6
0.52,0.38,0.066,29,56,0.79,12.1,7
0.57,0,0.072,32,64,0.56,11.2,6
0.9,0.34,0.112,23,99,0.68,9.3,5
0.34,0.24,0.071,30,52,0.58,10.1,5
0.66,0.03,0.078,16,86,0.57,9.7,5
0.45,0.23,0.082,10,18,0.65,9.3,6
0.66,0.03,0.078,16,86,0.57,9.7,5
0.63,0.03,0.08,17,88,0.58,9.8,6
0.59,0.01,0.08,27,43,0.58,10.7,6
0.31,0.39,0.078,17,43,0.77,12.5,7
0.59,0.01,0.08,27,43,0.58,10.7,6
0.31,0.39,0.078,17,43,0.77,12.5,7
1.02,0.02,0.084,6,11,0.49,11,3
0.31,0.36,0.056,10,39,0.69,11.8,5
0.635,0.1,0.08,16,33,0.69,10.8,7
0.635,0.1,0.08,16,33,0.69,10.8,7
0.59,0.06,0.06,11,18,0.59,10.8,7
0.59,0.06,0.06,11,18,0.59,10.8,7
0.58,0.2,0.081,15,115,0.59,9.5,5
0.54,0.27,0.084,12,78,0.71,11,5
0.56,0,0.079,6,9,0.54,11.5,6
0.52,0.13,0.078,34,61,0.59,10.8,6
0.305,0.39,0.059,7,11,0.52,11.5,6
0.38,0.48,0.132,3,11,0.57,13.2,6
0.28,0.46,0.114,3,9,0.6,10.9,6
0.46,0.44,0.065,4,8,0.62,12.2,6
0.395,0.46,0.094,3,10,0.64,12.2,7
0.305,0.39,0.059,7,11,0.52,11.5,6
0.315,0.4,0.079,3,6,0.67,11.9,6
0.715,0.19,0.161,7,62,0.61,11,5
0.41,0.31,0.084,26,45,0.64,10.1,6
0.36,0.32,0.081,32,79,0.72,11,6
0.62,0.12,0.072,38,46,0.89,11.8,6
0.41,0.37,0.091,10,23,0.56,10.5,5
0.36,0.32,0.081,32,79,0.72,11,6
0.62,0.12,0.072,38,46,0.89,11.8,6
0.41,0.31,0.084,26,45,0.64,10.1,6
0.47,0.27,0.055,14,28,0.8,11.2,5
0.22,0.36,0.064,53,77,0.87,11,7
0.24,0.33,0.061,52,73,0.9,10.2,6
0.67,0.19,0.093,11,75,0.59,9.2,4
0.47,0.27,0.055,14,28,0.8,11.2,5
0.33,0.38,0.063,10,19,0.73,12,7
0.61,0.01,0.08,8,25,0.73,10.5,5
0.61,0.01,0.074,13,38,0.65,9.8,5
0.4,0.29,0.078,29,66,0.59,9.5,6
0.61,0.01,0.074,13,38,0.65,9.8,5
0.61,0.01,0.08,8,25,0.73,10.5,5
0.3,0.38,0.06,19,72,0.72,11.8,6
0.3,0.38,0.06,19,72,0.72,11.8,6
0.63,0.5,0.071,6,26,0.6,10.4,4
0.38,0.38,0.068,23,42,0.72,12.9,7
0.46,0.17,0.073,7,11,0.54,11.4,5
0.33,0.52,0.074,13,25,0.76,12.4,7
0.27,0.49,0.082,9,17,0.52,12.5,7
0.43,0.4,0.092,13,52,0.64,10,7
0.5,0.34,0.094,10,45,0.6,9.7,7
0.3,0.49,0.09,11,24,0.64,12.1,7
0.44,0.42,0.071,7,20,0.79,11.1,7
0.44,0.58,0.092,11,24,0.99,12,7
0.28,0.48,0.093,6,12,0.62,12.4,7
0.12,0.45,0.075,10,21,0.76,11.9,7
0.12,0.45,0.075,10,21,0.76,11.9,7
0.12,0.45,0.075,10,21,0.76,11.9,7
0.28,0.48,0.093,6,12,0.62,12.4,7
0.31,0.4,0.058,6,10,0.68,11.2,7
0.34,0.48,0.052,5,9,0.69,12.1,7
0.43,0.4,0.082,6,11,0.54,12.2,6
0.21,0.52,0.09,9,23,0.67,10.4,5
0.36,0.52,0.111,5,10,0.62,11.3,6
0.37,0.52,0.088,12,51,0.58,11.1,6
0.57,0.12,0.12,25,36,0.71,11.3,7
0.59,0.05,0.089,12,32,0.61,10,5
0.47,0.27,0.058,18,38,0.85,11.1,6
0.56,0.14,0.078,7,18,0.62,9.3,5
0.57,0.02,0.115,6,16,0.69,9.5,5
0.27,0.39,0.1,20,27,0.69,11.2,6
0.47,0.27,0.058,18,38,0.85,11.1,6
0.34,0.4,0.065,24,48,0.86,11,6
0.38,0.41,0.103,6,10,0.58,11.9,7
0.66,0.2,0.097,23,113,0.48,9.2,5
0.4,0.43,0.068,29,46,0.6,12.2,6
0.56,0.09,0.079,7,22,0.61,10.2,5
0.26,0.48,0.066,6,10,0.87,10.9,6
0.26,0.48,0.066,6,10,0.87,10.9,6
0.38,0.5,0.104,6,13,0.65,11.6,7
0.34,0.44,0.079,6,12,0.63,10.7,5
0.33,0.41,0.073,7,13,0.62,12.1,7
0.41,0.3,0.083,35,72,0.52,9.4,5
0.41,0.3,0.083,35,72,0.52,9.4,5
0.59,0.29,0.109,31,119,0.5,9.1,5
0.4,0.32,0.061,9,29,0.49,11.3,7
0.45,0.49,0.075,3,6,0.63,10.4,5
0.5,0.3,0.065,8,17,0.71,10.5,6
0.86,0.26,0.079,13,28,0.62,10,5
0.52,0.32,0.07,51,70,0.82,12.9,6
0.5,0.3,0.065,8,17,0.71,10.5,6
0.45,0.49,0.075,3,6,0.63,10.4,5
0.58,0,0.064,7,11,0.58,11.3,6
0.34,0.39,0.066,3,7,0.55,11.4,7
0.36,0.3,0.08,35,70,0.5,9.4,5
0.39,0.12,0.097,19,27,0.49,9.4,5
0.295,0.4,0.073,14,21,0.51,10.9,6
0.39,0.12,0.097,19,27,0.49,9.4,5
0.34,0.28,0.082,31,68,0.48,9.4,5
0.4,0.1,0.076,30,47,0.48,9.4,6
0.34,0.28,0.082,31,68,0.48,9.4,5
0.35,0.45,0.092,20,88,0.43,9.4,5
0.6,0.06,0.079,19,41,0.62,10.1,6
0.66,0,0.087,3,11,0.63,12.8,7
0.66,0,0.087,3,11,0.63,12.8,7
0.84,0.34,0.05,4,10,0.48,9.1,6
0.69,0,0.055,7,12,0.53,12.9,6
0.43,0.3,0.062,6,12,0.72,11.5,7
0.35,0.38,0.058,31,47,0.82,10.6,7
0.29,0.33,0.063,13,27,0.84,11.7,7
0.36,0.32,0.067,4,8,0.55,12.8,7
0.43,0.29,0.081,27,45,0.54,10.3,5
0.36,0.32,0.067,4,8,0.55,12.8,7
0.29,0.33,0.063,13,27,0.84,11.7,7
0.3,0.34,0.064,12,25,0.84,11.7,7
0.35,0.4,0.11,12,24,0.7,12,7
0.5,0.36,0.116,26,55,0.68,10.9,5
0.28,0.45,0.067,7,12,0.55,12.3,7
0.32,0.31,0.088,12,19,0.55,10.4,6
1.005,0.15,0.102,11,32,0.48,10,5
0.71,0,0.092,22,31,0.58,10,6
0.58,0.16,0.12,3,7,0.58,11.2,6
0.39,0.46,0.075,14,27,0.84,11.4,6
0.38,0.4,0.068,12,28,0.75,12.6,7
0.18,0.37,0.049,36,109,0.44,12.7,6
0.18,0.37,0.049,36,109,0.44,12.7,6
0.5,0.14,0.078,10,23,0.61,10.4,5
0.36,0.66,0.123,3,8,0.53,11.9,6
0.36,0.66,0.123,3,8,0.53,11.9,6
0.51,0.09,0.062,4,9,0.54,10.5,5
0.32,0.42,0.098,3,9,0.55,12.3,6
0.58,0.01,0.088,12,18,0.56,10.5,7
0.83,0,0.095,17,43,0.6,10.4,6
0.31,0.32,0.066,14,36,0.56,12.6,6
0.795,0,0.065,28,52,0.52,11.6,5
0.34,0.21,0.075,41,68,0.54,10.1,6
0.58,0.01,0.088,12,18,0.56,10.5,7
0.59,0,0.091,9,14,0.55,11.5,7
0.55,0.01,0.093,9,15,0.58,11,7
0.82,0,0.095,5,14,0.53,9.6,5
0.57,0.08,0.089,14,27,0.59,10.4,6
0.745,0.18,0.077,15,48,0.47,9.7,6
0.37,0.34,0.085,5,17,0.65,10.6,7
0.31,0.34,0.082,26,35,0.59,12.5,7
0.91,0.1,0.074,20,56,0.56,9.2,5
0.41,0.41,0.078,25,42,0.77,12.6,7
0.5,0.21,0.088,21,39,0.83,11.1,6
0.965,0,0.088,16,32,0.67,10.2,5
0.49,0.19,0.079,13,26,0.64,9.8,6
0.5,0.21,0.088,21,39,0.83,11.1,6
0.39,0.41,0.069,18,39,0.81,10.9,7
0.39,0.33,0.046,12,53,0.62,12.2,6
0.44,0,0.07,32,38,0.58,11.4,6
0.78,0,0.076,33,45,0.62,10.7,6
0.43,0.17,0.082,27,51,0.64,10.4,5
0.49,0.36,0.081,3,14,0.78,10.9,6
0.5,0.36,0.084,6,17,0.77,10.8,6
0.43,0.17,0.082,27,51,0.64,10.4,5
0.46,0.59,0.414,16,45,1.34,9.2,5
0.605,0.05,0.073,19,25,0.55,12.9,5
0.33,0.42,0.07,9,20,0.77,12.7,7
0.64,0.27,0.095,5,77,0.62,9.1,6
0.64,0.27,0.095,5,77,0.62,9.1,6
0.48,0.53,0.101,3,10,0.59,12.1,7
0.42,0.25,0.104,28,90,0.57,9.1,5
0.53,0.57,0.093,30,52,0.76,11.6,7
0.48,0.53,0.101,3,10,0.59,12.1,7
0.23,0.57,0.074,3,8,0.7,9.9,6
0.4,0.5,0.071,7,16,0.69,12.5,8
0.38,0.44,0.098,6,15,0.64,11.4,6
0.29,0.65,0.075,6,17,0.63,11.8,6
0.74,0.09,0.067,5,10,0.57,11.8,6
0.61,0.18,0.083,6,20,0.6,10.2,6
0.52,0.08,0.07,13,26,0.72,12.5,7
0.31,0.53,0.06,3,10,0.83,10.9,7
0.31,0.53,0.06,3,10,0.83,10.9,7
0.62,0.35,0.086,28,52,0.62,10.8,5
0.33,0.45,0.057,19,37,0.89,11.1,7
0.77,0.2,0.098,30,92,0.58,9.2,5
0.35,0.26,0.083,33,75,0.58,9.5,6
0.62,0.33,0.088,16,37,0.58,10.7,6
0.77,0.2,0.098,30,92,0.58,9.2,5
0.25,0.34,0.071,45,67,0.86,10.2,7
0.32,0.56,0.073,3,8,0.73,11.4,6
0.37,0.65,0.08,3,8,0.58,11,5
0.37,0.65,0.08,3,8,0.58,11,5
0.3,0.68,0.05,37.5,278,0.51,12.3,7
0.27,0.56,0.047,3,8,0.51,11.8,6
0.3,0.68,0.05,37.5,289,0.51,12.3,7
0.38,0.3,0.073,31,70,0.59,9.5,6
0.42,0.45,0.072,32,59,0.77,12,6
0.38,0.3,0.073,31,70,0.59,9.5,6
0.48,0.08,0.074,40,64,0.49,9.6,5
0.34,0.4,0.055,3,9,0.66,11.6,7
0.19,0.42,0.057,18,30,0.69,11.2,6
0.41,0.54,0.095,22,41,0.76,9.9,7
0.41,0.54,0.095,22,41,0.76,9.9,7
0.26,0.54,0.083,42,74,0.63,11.8,8
0.34,0.42,0.086,8,19,0.6,11.4,6
0.54,0.09,0.081,10,16,0.59,11.5,6
0.31,0.36,0.079,11,31,0.86,12,7
0.725,0.09,0.117,9,17,0.49,10.8,6
0.4,0.47,0.087,6,20,0.5,10.5,5
0.725,0.09,0.117,9,17,0.49,10.8,6
0.52,0.38,0.096,5,18,0.52,9.4,5
0.31,0.45,0.216,5,16,0.81,12.5,7
0.52,0.38,0.096,5,18,0.52,9.4,5
0.34,0.42,0.072,23,36,0.78,12.4,6
0.49,0.27,0.071,14,25,0.63,12,6
0.48,0.09,0.078,18,30,0.54,11.2,6
0.49,0.27,0.071,14,25,0.63,12,6
0.48,0.34,0.073,16,25,0.66,12.4,6
0.57,0.28,0.048,13,49,0.6,12.8,5
0.23,0.42,0.069,9,17,0.54,12.3,6
0.3,0.41,0.068,10,24,0.85,11.7,7
0.78,0.1,0.09,4,13,0.49,9.5,5
0.47,0.43,0.171,27,66,0.76,10.8,6
0.53,0,0.07,6,14,0.64,10,6
0.42,0.27,0.092,23,55,0.64,12.3,7
0.33,0.41,0.056,6,35,0.71,11,6
0.24,0.39,0.074,3,10,0.59,9.5,6
0.4,0.5,0.046,29,80,0.66,13.6,6
0.69,0.07,0.091,15,21,0.6,11.3,6
0.69,0.07,0.091,15,21,0.6,11.3,6
0.69,0.07,0.091,15,21,0.6,11.3,6
0.39,0.12,0.065,14,24,0.53,13.3,6
0.66,0,0.066,7,15,0.58,12.9,5
0.54,0.34,0.076,8,17,0.72,13.1,8
0.5,0,0.062,21,28,0.55,12.3,6
0.47,0,0.055,27,33,0.48,12.3,6
0.4,0.37,0.081,17,29,0.65,11.2,6
0.58,0,0.096,3,13,0.62,11.5,4
0.24,0.35,0.055,13,27,0.59,11.3,7
0.29,0.26,0.063,3,11,0.54,13.5,6
0.76,0,0.072,26,52,0.6,11.5,6
0.43,0.33,0.095,28,89,0.68,10,5
0.43,0.35,0.092,24,70,0.69,10.5,6
0.6,0,0.058,5,10,0.63,10.4,6
0.19,0.21,0.045,57,135,0.44,9.5,5
0.36,0.34,0.075,18,38,0.88,13.6,7
0.48,0.07,0.089,10,18,0.68,11.2,7
0.28,0.35,0.061,6,15,0.74,11.8,7
0.25,0.43,0.067,22,50,0.6,11.9,6
0.52,0.45,0.08,6,13,0.76,11.4,6
0.52,0.45,0.08,6,13,0.76,11.4,6
0.41,0.15,0.104,29,94,0.58,9.1,5
0.51,0.24,0.079,16,86,0.64,9.5,6
0.4,0.3,0.08,33,79,0.65,9.5,6
0.38,0.32,0.08,24,71,0.85,11,6
0.45,0.11,0.043,6,12,0.65,11.4,6
0.22,0.3,0.065,16,20,0.82,10,6
0.32,0.23,0.066,35,70,0.62,10.1,5
0.2,0.43,0.076,31,51,0.81,10.4,6
0.5,0.12,0.178,6,21,0.87,9.8,6
0.41,0.45,0.071,6,14,0.49,11.8,7
0.39,0.42,0.086,9,21,0.66,11.6,6
0.35,0.47,0.061,6,11,0.52,12,6
0.33,0.32,0.067,4,12,0.76,12.8,7
0.58,0.23,0.044,16,70,0.65,12.5,6
0.6,0.25,0.118,9,38,0.53,9.8,5
0.42,0.35,0.083,17,38,0.66,11.1,6
0.58,0,0.1,50,63,0.68,11.4,6
0.6,0.25,0.118,9,38,0.53,9.8,5
0.18,0.51,0.071,45,88,0.76,11.8,7
0.51,0.18,0.042,16,101,0.87,12.9,7
0.41,0.43,0.076,22,54,1.16,10.6,6
0.41,0.43,0.11,11,37,0.67,10.8,5
0.36,0.57,0.087,6,20,0.72,11.1,7
0.45,0.43,0.076,12,21,0.75,10.2,6
0.32,0.42,0.075,12,19,0.71,11.8,7
0.785,0.24,0.078,10,21,0.67,10,5
0.785,0.24,0.078,10,21,0.67,10,5
0.44,0.5,0.369,15,38,1.1,9.4,5
0.54,0.26,0.111,7,60,0.98,10.2,5
0.33,0.39,0.074,29,48,0.88,12.4,7
0.34,0.27,0.067,8,44,0.56,12,6
0.5,0.29,0.086,5,14,0.62,11.5,6
0.36,0.34,0.062,5,12,0.67,10.5,6
0.59,0,0.078,26,44,0.68,10.8,6
0.42,0.46,0.074,5,16,0.74,12.3,6
0.36,0.31,0.079,26,65,0.62,9.5,6
0.36,0.31,0.079,26,65,0.62,9.5,6
0.61,0,0.095,48,59,0.7,11.5,6
0.88,0.03,0.079,23,47,0.5,11.2,4
0.66,0,0.052,6,11,0.66,12.7,7
0.915,0,0.041,17,78,0.73,11.4,5
0.35,0.33,0.076,11,47,0.81,11,6
0.35,0.33,0.076,11,47,0.81,11,6
0.39,0.43,0.068,5,11,0.46,11.4,5
0.4,0.4,0.068,41,54,0.86,10.5,6
0.66,0.07,0.07,16,61,0.6,9.3,5
0.64,0.23,0.08,11,119,0.7,10.9,5
0.43,0.3,0.085,6,39,0.46,11.9,6
0.8,0.03,0.079,6,12,0.5,12.2,5
0.43,0.3,0.085,6,39,0.46,11.9,6
0.64,0.23,0.08,11,119,0.7,10.9,5
0.955,0.05,0.075,5,19,0.44,9.6,4
0.4,0.57,0.08,6,20,0.57,12.5,6
0.885,0,0.166,6,12,0.51,10.8,5
0.25,0.37,0.063,11,41,0.8,12.4,7
0.885,0,0.166,6,12,0.51,10.8,5
0.745,0.12,0.114,15,64,0.59,9.5,6
0.43,0.22,0.078,21,56,0.6,9.5,6
0.58,0.23,0.076,23,94,0.58,9.5,6
0.57,0.21,0.069,4,9,0.54,9.8,6
0.26,0.26,0.052,19,77,0.79,10.9,6
0.58,0.23,0.076,23,94,0.58,9.5,6
0.57,0.21,0.069,4,9,0.54,9.8,6
0.34,0.36,0.065,5,10,0.54,11.2,7
0.42,0.39,0.068,6,12,0.69,11.7,8
0.74,0.19,0.111,33,76,0.55,9.4,5
0.36,0.46,0.074,24,44,0.85,11,7
0.36,0.46,0.074,24,44,0.85,11,7
0.36,0.46,0.074,24,44,0.85,11,7
0.72,0.55,0.136,24,52,0.94,10,5
0.36,0.46,0.074,24,44,0.85,11,7
0.39,0.43,0.071,14,24,0.87,11.2,7
0.65,0.02,0.078,8,15,0.62,10.4,6
0.44,0.15,0.076,22,53,0.62,9.3,5
0.65,0.02,0.078,8,15,0.62,10.4,6
0.38,0.42,0.071,5,13,0.75,10.5,6
0.33,0.46,0.081,6,9,0.48,10.4,6
0.27,0.46,0.095,20,29,0.56,11.3,6
0.57,0.31,0.079,10,79,0.69,9.5,6
0.34,0.37,0.057,43,74,0.81,12,6
0.4,0.31,0.082,8,24,0.69,10.6,6
0.39,0.4,0.044,25,50,0.83,10.9,6
0.32,0.52,0.132,17,44,0.77,11.5,6
0.32,0.52,0.132,17,44,0.77,11.5,6
0.53,0.22,0.078,33,89,0.46,9.6,6
0.36,0.47,0.074,9,23,0.76,12,6
0.39,0.49,0.08,8,20,0.82,10.3,6
0.46,0.23,0.091,18,77,0.51,9.4,5
0.58,0.03,0.08,27,46,0.47,9.2,5
0.58,0.25,0.104,8,21,0.72,9.6,5
0.42,0,0.044,18,88,0.73,13.6,7
0.43,0.29,0.075,19,66,0.64,9.5,5
0.18,0.34,0.066,15,58,0.78,11.8,6
0.815,0.01,0.074,48,90,0.62,10.8,5
0.43,0.29,0.075,19,66,0.64,9.5,5
0.23,0.37,0.057,14,36,0.49,9.3,4
0.75,0.01,0.059,11,18,0.4,12.8,6
0.33,0.32,0.054,6,113,0.56,11.5,4
0.55,0,0.07,7,17,0.64,9.4,6
0.75,0.01,0.059,11,18,0.4,12.8,6
0.73,0,0.081,12,24,0.46,9.6,4
0.67,0,0.057,11,20,0.56,11.8,4
0.61,0.2,0.076,36,60,0.4,9.3,5
0.37,0.39,0.079,28,65,0.59,9.8,5
0.4,0.41,0.058,15,40,0.6,12.2,6
0.56,0.22,0.082,10,86,0.62,9.5,5
0.29,0.25,0.067,72,160,0.54,10.3,6
0.55,0.19,0.082,15,34,0.68,10.5,5
0.74,0.07,0.086,15,48,0.48,10,5
0.55,0.19,0.082,15,34,0.68,10.5,5
0.41,0.33,0.081,22,36,0.75,11.1,6
0.6,0.01,0.079,24,37,0.61,10.9,6
0.6,0.01,0.079,24,37,0.61,10.9,6
0.58,0.14,0.077,27,60,0.59,9.8,5
0.72,0,0.123,6,14,0.58,9.8,5
0.66,0,0.096,6,13,0.58,9.5,5
0.7,0.06,0.079,20,35,0.69,10.9,5
0.64,0.02,0.069,26,46,0.45,11,5
0.59,0.22,0.082,43,60,0.42,9.2,5
0.58,0.28,0.085,12,69,0.7,11,6
0.64,0,0.123,15,33,0.63,11.3,6
0.64,0,0.123,15,33,0.63,11.3,6
0.635,0.68,0.403,19,56,1.15,9.3,5
1.02,0,0.083,17,24,0.55,11.2,4
0.45,0.38,0.081,34,66,0.58,9.8,5
0.78,0,0.089,13,26,0.46,9.6,4
0.37,0.32,0.066,26,51,0.72,11.8,6
0.57,0.05,0.081,16,36,0.6,10.3,6
0.57,0.05,0.081,16,36,0.6,10.3,6
0.43,0.5,0.068,13,19,0.87,11.4,6
0.41,0.31,0.079,21,51,0.55,9.5,6
0.49,0.03,0.044,28,87,0.82,14,8
0.38,0.01,0.048,26,60,0.75,14,6
0.44,0.2,0.049,24,64,0.57,11.7,6
0.46,0,0.077,25,44,0.53,11.2,5
0.58,0.2,0.073,34,44,0.43,9.3,5
0.58,0.13,0.102,17,36,0.53,11.2,6
0.715,0.22,0.075,13,81,0.54,9.5,6
0.4,0.4,0.05,3,10,0.56,12,4
0.69,0,0.114,3,10,0.6,9.7,6
0.715,0.22,0.075,13,81,0.54,9.5,6
0.3,0.39,0.062,3,9,0.57,11.5,7
0.46,0.2,0.077,28,54,0.64,10.4,6
0.46,0.2,0.077,28,54,0.64,10.4,6
0.765,0,0.084,9,22,0.68,10.9,6
0.63,0.28,0.096,17,69,0.63,10.2,6
0.42,0.19,0.071,18,36,0.56,10.9,5
0.37,0.5,0.09,20,47,0.57,10.5,5
0.16,0.44,0.068,17,31,0.54,12.4,6
0.6,0.08,0.056,3,7,0.37,13,5
0.6,0.3,0.068,20,110,1.17,10.2,5
0.6,0.3,0.068,20,110,1.17,10.2,5
0.74,0,0.1,6,12,0.59,11,5
0.635,0.1,0.073,25,60,0.75,10.9,6
0.395,0.13,0.056,14,28,0.67,12.4,6
0.755,0,0.084,6,12,0.49,9.7,4
0.635,0.1,0.073,25,60,0.75,10.9,6
0.63,0,0.093,51,77.5,0.45,9.5,5
0.63,0,0.093,51,77.5,0.45,9.5,5
0.53,0.14,0.064,15,29,0.61,12.1,6
0.6,0,0.063,11,18,0.56,12.2,6
1.58,0,0.137,5,9,0.4,10.9,3
0.645,0,0.08,15,28,0.61,12.5,6
0.86,0.07,0.1,20,57,0.74,11.7,6
0.37,0.32,0.064,4,15,0.8,11.2,6
0.28,0.44,0.081,28,68,0.66,11.2,5
0.79,0.21,0.087,21,68,0.44,9.2,5
0.61,0.26,0.073,24,88,0.53,9.8,5
0.69,0.32,0.088,22,91,0.62,10.1,5
0.68,0.09,0.068,15,29,0.52,11.1,4
0.69,0.32,0.088,22,91,0.62,10.1,5
0.62,0.1,0.071,27,63,0.61,9.2,5
0.61,0.26,0.073,24,88,0.53,9.8,5
0.51,0.15,0.064,12,27,0.59,12.8,6
1.18,0.21,0.083,14,41,0.47,10.5,5
0.36,0.21,0.086,20,65,0.54,10.1,6
0.36,0.21,0.086,24,69,0.53,10.1,6
0.63,0.27,0.083,17,91,0.58,9.8,6
0.74,0,0.041,16,46,0.59,12.5,6
0.44,0.46,0.091,10,41,0.69,11.9,6
0.63,0.27,0.083,17,91,0.58,9.8,6
0.76,0.68,0.414,18,64,1.33,9.1,6
0.66,0.34,0.094,12,88,0.66,10.1,5
0.74,0,0.041,16,46,0.59,12.5,6
0.34,0.42,0.058,9,18,0.55,11.4,5
0.36,0.39,0.06,21,55,0.82,11,7
0.46,0.24,0.077,18,34,0.6,10.6,6
0.46,0.24,0.077,18,34,0.6,10.6,6
0.46,0.24,0.077,18,34,0.6,10.6,6
0.46,0.24,0.077,18,34,0.6,10.6,6
0.52,0.11,0.073,13,38,0.52,9.3,5
0.6,0.26,0.083,17,91,0.56,9.8,6
0.6,0.26,0.083,17,91,0.56,9.8,6
0.87,0.26,0.107,31,67,0.46,9.2,5
0.39,0.1,0.075,6,25,0.43,9.7,6
0.775,0.22,0.079,12,48,0.51,9.6,5
0.835,0,0.166,4,11,0.52,10,5
0.58,0.02,0.069,19,40,0.66,12.6,6
0.5,0,0.057,15,26,0.45,9.5,5
0.5,0,0.057,15,26,0.45,9.5,5
0.5,0,0.057,15,26,0.45,9.5,5
0.51,0.02,0.084,13,31,0.54,10.5,6
0.51,0.02,0.084,13,31,0.54,10.5,6
0.51,0.02,0.084,13,31,0.54,10.5,6
0.54,0.02,0.085,17,31,0.51,10.4,6
0.51,0.02,0.084,13,31,0.54,10.5,6
0.42,0.48,0.077,8,20,0.53,11,5
0.44,0.24,0.063,10,28,0.53,10.2,6
0.59,0.01,0.056,5,13,0.56,11.4,5
0.655,0.03,0.078,7,12,0.39,9.5,5
0.655,0.03,0.078,7,12,0.39,9.5,5
0.57,0,0.081,21,41,0.52,10.8,5
0.6,0.29,0.069,32,73,0.57,10,5
0.62,0.01,0.065,8,46,0.51,11.8,6
0.645,0.03,0.086,14,57,0.46,10.3,5
0.645,0.03,0.086,14,57,0.46,10.3,5
0.58,0.03,0.077,7,28,0.52,10,5
0.32,0.25,0.086,5,32,0.44,10.1,5
0.34,0.25,0.084,4,28,0.44,10.1,5
0.43,0.24,0.078,27,67,0.59,11.1,6
0.64,0.17,0.168,52,98,0.5,9.5,5
0.475,0.4,0.091,6,28,0.65,10.03333333,6
0.54,0.31,0.112,11,38,0.56,10.9,5
0.85,0.14,0.093,13,54,0.54,10.1,5
0.475,0.4,0.091,6,28,0.65,10.03333333,6
0.83,0.27,0.08,11,63,0.48,9.8,4
0.605,0.02,0.096,10,31,0.53,11.8,6
0.5,0.09,0.115,10,42,0.62,9.5,5
0.74,0.08,0.094,10,45,0.5,9.8,5
0.54,0.3,0.088,9,105,1.18,10.5,6
0.77,0.32,0.079,16,74,0.5,9.8,6
0.61,0,0.069,4,8,0.37,10.4,4
0.78,0.51,0.415,12,66,1.17,9.2,5
0.58,0.56,0.153,5,14,1.03,11.6,6
0.78,0.51,0.415,12,66,1.17,9.2,5
0.75,0.27,0.11,34,89,0.45,9.3,5
0.815,0,0.267,16,29,0.51,9.8,3
0.56,0.26,0.083,13,100,0.52,9.9,5
0.885,0.2,0.086,7,31,0.46,10,5
0.49,0.26,0.09,23,74,0.62,12.2,6
0.45,0.15,0.078,10,28,0.51,9.9,6
0.57,0.02,0.077,11,35,0.62,10.8,6
0.57,0.02,0.077,11,35,0.62,10.8,6
0.83,0.09,0.074,4,25,0.45,9.6,5
0.6,0.22,0.08,25,105,0.49,9.9,5
0.6,0.22,0.08,25,105,0.49,9.9,5
0.755,0.15,0.107,20,84,0.5,9.5,5
0.81,0.25,0.076,34,85,0.42,9.2,5
0.64,0.07,0.1,8,23,0.58,9.6,5
0.64,0.07,0.1,8,23,0.58,9.6,5
0.64,0.31,0.083,7,49,0.68,10.3,5
0.48,0.02,0.08,36,111,0.53,9.7,5
0.49,0,0.068,15,33,0.59,12.5,6
0.64,0.22,0.094,5,33,0.58,11,5
0.62,0.06,0.07,5,12,0.48,9.8,5
0.52,0.25,0.078,19,59,0.48,10.2,5
0.57,0.14,0.07,27,73,0.48,9.2,5
0.685,0.1,0.092,3,12,0.65,9.55,6
0.675,0.1,0.09,4,11,0.65,9.55,5
0.59,0.26,0.08,17,104,0.52,9.9,5
0.6,0.12,0.083,13,28,0.62,10.2,7
0.67,0,0.068,10,24,0.72,11.1,6
0.69,0.21,0.08,33,141,0.51,9.9,5
0.69,0.21,0.08,33,141,0.51,9.9,5
0.3,0.42,0.052,6,24,0.82,11.9,6
0.33,0.33,0.061,3,13,1.1,10,8
0.5,0.39,0.082,12,46,0.62,10.7,6
0.28,0.3,0.062,18,34,0.9,11.3,7
0.24,0.34,0.062,8,22,0.94,10.9,6
0.51,0,0.064,40,54,0.93,10.7,6
0.29,0.36,0.048,35,53,1.01,12.4,7
0.51,0,0.064,40,54,0.93,10.7,6
0.96,0,0.082,5,16,0.44,11.9,6
0.47,0.4,0.071,8,19,0.73,10.6,6
0.24,0.34,0.062,8,22,0.94,10.9,6
0.57,0.25,0.104,12,89,0.9,10.1,5
0.32,0.59,0.077,3,15,0.78,9.6,5
0.58,0,0.065,8,18,0.84,9.4,5
0.32,0.59,0.077,3,15,0.78,9.6,5
0.34,0.33,0.064,21,37,0.77,12.1,7
0.53,0.01,0.077,3,19,0.46,9.8,5
0.64,0.21,0.077,32,133,0.45,9.9,5
0.53,0.01,0.077,3,19,0.46,9.8,5
0.4,0.18,0.079,24,58,0.58,9.4,5
0.54,0,0.079,39,55,0.84,11.4,6
0.53,0.09,0.123,14,31,0.67,11,4
0.26,0.37,0.076,8,23,0.7,9.6,6
0.26,0.37,0.076,8,23,0.7,9.6,6
0.23,0.37,0.046,23,60,0.71,12.1,6
0.41,0.33,0.078,6,23,0.58,11.2,5
0.64,0,0.072,27,55,0.63,11,5
0.18,0.4,0.049,38,67,0.93,11.3,5
0.41,0.24,0.066,18,47,0.62,10.4,5
0.43,0.31,0.069,13,74,0.54,9.9,6
0.44,0,0.042,3,11,0.85,11.7,6
0.4,0.16,0.069,11,25,0.74,10.1,7
0.54,0.37,0.214,55,95,0.77,9,6
0.54,0.37,0.214,55,95,0.77,9,6
0.38,0.38,0.169,27,90,0.65,8.5,5
0.915,0.29,0.07,15,39,0.54,11.1,5
0.59,0,0.052,3,8,0.47,10.3,5
0.67,0.02,0.072,31,92,0.68,11.06666667,6
0.37,0.32,0.062,15,28,0.73,11.3,7
0.785,0.19,0.094,19,98,0.52,9.566666667,6
0.63,0.02,0.078,18,30,0.75,9.8,5
0.58,0.2,0.058,8,22,0.49,11.7,5
0.67,0.02,0.072,31,92,0.68,11.1,6
0.785,0.19,0.094,19,98,0.52,9.6,6
0.63,0.02,0.078,18,30,0.75,9.8,5
0.67,0,0.08,22,39,0.74,9.7,5
0.58,0.01,0.08,40,54,0.73,9.7,5
0.38,0.31,0.056,15,29,0.76,11.3,8
0.37,0.32,0.062,15,28,0.73,11.3,7
0.32,0.44,0.104,8,17,0.78,11,7
0.58,0.02,0.062,37,53,0.76,11.6,7
0.49,0.33,0.074,27,85,0.58,9,5
0.45,0.63,0.073,7,23,0.69,10.9,6
0.9,0,0.052,9,17,0.63,10.9,6
0.54,0.06,0.05,38,89,0.5,10.55,6
0.49,0.33,0.074,27,85,0.58,9,5
0.29,0.4,0.067,8,20,0.6,10.5,5
0.2,0.35,0.054,7,15,0.8,11.9,7
0.42,0.09,0.054,34,64,0.68,10.4,6
0.785,0,0.06,6,13,0.61,10,4
0.64,0.03,0.075,14,31,0.58,10.4,6
0.63,0.01,0.076,14,39,0.53,10.8,6
0.59,0.1,0.063,34,53,0.67,9.7,5
0.59,0.1,0.063,34,53,0.67,9.7,5
0.48,0.32,0.062,31,54,0.65,10,7
1.04,0.08,0.067,19,32,0.57,11,4
0.48,0.32,0.062,31,54,0.65,10,7
0.98,0.05,0.061,20,49,0.55,9.7,3
0.69,0.11,0.084,8,24,0.47,9.7,5
0.7,0.08,0.067,8,16,0.52,12.6,5
0.35,0.6,0.073,23,44,0.79,11.1,6
0.6,0.08,0.071,14,45,0.54,11,5
0.5,0.5,0.205,48,82,0.75,8.8,5
0.47,0.11,0.048,16,89,0.88,13.56666667,7
0.5,0.5,0.205,48,82,0.75,8.8,5
0.47,0.11,0.048,16,89,0.88,13.6,7
0.875,0.05,0.082,3,14,0.52,10.2,3
0.28,0.6,0.104,10,22,0.68,10.6,5
0.62,0.03,0.08,6,13,0.62,10.1,4
0.28,0.6,0.104,10,22,0.68,10.6,5
0.58,0.54,0.114,3,9,0.57,10.3,4
0.33,0.44,0.042,6,12,0.61,10.7,5
0.91,0.06,0.06,4,11,0.64,10.9,4
0.655,0.16,0.074,8,25,0.55,9.7,5
0.68,0.21,0.07,9,23,0.6,10.3,5
0.64,0.05,0.066,9,17,0.78,10.6,5
0.54,0.04,0.049,5,13,0.58,11.4,5
0.57,0.1,0.048,4,11,0.76,10.8,6
0.22,0.49,0.039,8,18,0.56,12.4,6
0.54,0.04,0.049,5,13,0.58,11.4,5
0.65,0.06,0.05,6,18,0.54,11.95,5
0.54,0.26,0.089,23,147,0.59,9.7,5
0.31,0.09,0.066,15,28,0.7,10,7
0.43,0.02,0.08,15,28,0.81,10.6,6
0.54,0.26,0.089,23,147,0.59,9.7,5
0.74,0.03,0.054,7,16,0.63,11.5,6
0.895,0.04,0.068,7,13,0.58,10.8,6
0.74,0.03,0.054,7,16,0.63,11.5,6
0.725,0.04,0.076,8,15,0.53,9.6,5
0.82,0.29,0.083,21,64,0.53,9.4,5
0.585,0.18,0.078,15,60,0.54,9.8,5
0.44,0.39,0.077,6,14,0.69,11,6
0.38,0.57,0.106,5,12,0.55,11.4,6
0.76,0.02,0.078,6,12,0.63,9.95,3
0.81,0.05,0.07,6,14,0.66,10.8,6
0.38,0.57,0.106,5,12,0.55,11.4,6
0.27,0.6,0.074,17,25,0.72,10.6,6
0.18,0.4,0.062,7,20,0.7,11.1,5
0.36,0.21,0.047,26,48,0.77,9.7,6
0.69,0.04,0.068,19,27,0.67,9.8,5
0.79,0.04,0.061,11,17,0.65,10.4,6
0.56,0.15,0.078,17,65,0.6,10.5,6
0.84,0.21,0.074,16,65,0.72,9.233333333,6
0.84,0.21,0.074,16,65,0.72,9.25,6
0.32,0.25,0.071,23,58,0.97,10.6,5
0.53,0.06,0.063,29,44,0.83,10.3,6
0.47,0.46,0.114,7,20,0.63,10.5,5
0.7,0.08,0.106,14,27,0.58,10.2,5
0.53,0.06,0.063,29,44,0.83,10.3,6
0.48,0.2,0.082,9,23,0.43,9.05,4
0.32,0.25,0.071,23,58,0.97,10.6,5
0.48,0.25,0.076,29,61,0.6,10.4,5
0.42,0.19,0.075,22,47,0.78,10,6
0.48,0.08,0.064,18,34,0.64,9.7,5
0.47,0.08,0.064,18,38,0.65,9.6,6
0.53,0.07,0.071,15,24,0.66,10.8,6
0.29,0.49,0.096,21,59,0.67,10.1,6
0.69,0.08,0.063,42,52,0.6,10.2,6
0.44,0.09,0.063,9,18,0.69,11.3,6
0.705,0.1,0.081,13,28,0.66,10.2,5
0.53,0.13,0.058,18,22,0.68,9.9,6
0.39,0.3,0.074,32,84,0.61,9,5
0.56,0.14,0.064,13,29,0.62,11.7,7
0.55,0.13,0.075,15,35,0.59,9.7,6
0.53,0.08,0.077,24,45,0.68,10.3,6
0.58,0.08,0.059,20,31,0.64,10.2,6
0.64,0.09,0.081,15,26,0.63,12,5
0.39,0.32,0.065,34,60,0.78,9.9,5
0.52,0.08,0.071,11,32,0.63,11.6,6
0.25,0.29,0.054,19,49,0.76,10.9,7
0.855,0.02,0.064,29,38,0.56,10.75,6
0.44,0.42,0.064,14,19,0.57,10.4,6
0.37,0.43,0.063,12,19,0.81,11.2,7
0.63,0.33,0.059,16,28,0.64,10.1,6
0.57,0.02,0.072,17,26,0.61,10.2,5
0.6,0.1,0.048,12,26,0.51,12.1,5
0.4,0.5,0.099,19,50,0.58,10.4,5
0.36,0.3,0.074,17,24,0.7,11.4,8
0.68,0,0.087,17,26,0.53,9.5,5
0.67,0,0.083,18,27,0.54,9.4,5
0.68,0.01,0.103,32,54,0.66,11.3,6
0.735,0,0.08,18,28,0.6,9.4,5
0.855,0.02,0.062,15,23,0.6,11,6
0.56,0.17,0.065,15,24,0.68,10.55,7
0.88,0.04,0.066,12,20,0.56,9.9,5
0.855,0.02,0.062,15,23,0.6,11,6
0.63,0.33,0.235,66,115,0.56,9.5,5
0.6,0.26,0.08,31,131,0.52,9.9,5
0.6,0.26,0.08,31,131,0.52,9.9,5
0.6,0.26,0.08,31,131,0.52,9.9,5
0.695,0.13,0.076,12,20,0.54,10.1,5
0.695,0.13,0.076,12,20,0.54,10.1,5
0.695,0.13,0.076,12,20,0.54,10.1,5
0.67,0.02,0.061,26,42,0.82,10.9,6
0.16,0.64,0.059,24,52,0.71,11.2,6
0.695,0.13,0.076,12,20,0.54,10.1,5
0.56,0.13,0.077,25,42,0.59,9.2,5
0.51,0.14,0.056,15,34,0.57,11.5,6
0.36,0.53,0.23,19,35,0.93,12.4,6
0.38,0.14,0.038,15,25,0.65,11.1,6
0.69,0.32,0.069,35,104,0.51,9.5,5
0.58,0.2,0.075,15,50,0.67,12.5,6
0.31,0.78,0.074,23,92,0.48,10.5,6
0.52,0.4,0.06,12,20,0.64,11.8,6
0.3,0.63,0.081,16,29,0.78,10.8,6
0.7,0.15,0.076,13,27,0.6,11.9,6
0.67,0.15,0.118,13,20,0.67,11.3,6
0.56,0.09,0.053,24,32,0.6,11.3,5
0.35,0.33,0.068,9,26,0.6,11.9,6
0.56,0.09,0.053,24,32,0.6,11.3,5
0.715,0.1,0.053,13,27,0.5,11.9,5
0.46,0.29,0.074,32,98,0.62,9.8,5
0.32,0.44,0.061,24,34,0.8,11.6,7
0.39,0.44,0.066,22,48,0.84,11.5,6
0.31,0.41,0.065,34,60,0.85,11.4,6
0.61,0.11,0.066,18,28,0.66,10.9,6
0.66,0.33,0.068,34,102,0.78,12.8,6
0.725,0.2,0.073,29,79,0.54,9.2,5
0.55,0.15,0.077,26,35,0.82,11.6,6
0.74,0.09,0.089,16,26,0.56,11.6,6
0.51,0.13,0.076,29,40,0.75,11,6
0.62,0.08,0.068,28,38,0.82,9.5,6
0.6,0.08,0.09,32,44,0.58,10.5,5
0.55,0.1,0.062,39,51,0.76,11.2,6
0.51,0.13,0.076,29,40,0.75,11,6
0.645,0.12,0.075,32,44,0.71,10.2,5
0.31,0.47,0.067,18,42,0.66,11,6
